,type,id,source,instantTicketingRequired,nonHomogeneous,oneWay,lastTicketingDate,numberOfBookableSeats,itineraries,price,pricingOptions,validatingAirlineCodes,travelerPricings
0,flight-offer,1,GDS,False,False,False,2022-10-15,9,"[{'duration': 'PT13H30M', 'segments': [{'departure': {'iataCode': 'NCE', 'terminal': '2', 'at': '2022-10-15T20:30:00'}, 'arrival': {'iataCode': 'CDG', 'terminal': '2F', 'at': '2022-10-15T22:05:00'}, 'carrierCode': 'AF', 'number': '7715', 'aircraft': {'code': '321'}, 'operating': {'carrierCode': 'AF'}, 'duration': 'PT1H35M', 'id': '25', 'numberOfStops': 0, 'blacklistedInEU': False}, {'departure': {'iataCode': 'CDG', 'terminal': '2F', 'at': '2022-10-16T08:40:00'}, 'arrival': {'iataCode': 'MPL', 'at': '2022-10-16T10:00:00'}, 'carrierCode': 'AF', 'number': '7688', 'aircraft': {'code': '223'}, 'operating': {'carrierCode': 'AF'}, 'duration': 'PT1H20M', 'id': '26', 'numberOfStops': 0, 'blacklistedInEU': False}]}]","{'currency': 'EUR', 'total': '98.86', 'base': '38.00', 'fees': [{'amount': '0.00', 'type': 'SUPPLIER'}, {'amount': '0.00', 'type': 'TICKETING'}], 'grandTotal': '98.86', 'additionalServices': [{'amount': '30.00', 'type': 'CHECKED_BAGS'}]}","{'fareType': ['PUBLISHED'], 'includedCheckedBagsOnly': False}",['AF'],"[{'travelerId': '1', 'fareOption': 'STANDARD', 'travelerType': 'ADULT', 'price': {'currency': 'EUR', 'total': '98.86', 'base': '38.00'}, 'fareDetailsBySegment': [{'segmentId': '25', 'cabin': 'ECONOMY', 'fareBasis': 'XS50MALG', 'brandedFare': 'LIGHT', 'class': 'X', 'includedCheckedBags': {'quantity': 0}}, {'segmentId': '26', 'cabin': 'ECONOMY', 'fareBasis': 'XS50MALG', 'brandedFare': 'LIGHT', 'class': 'X', 'includedCheckedBags': {'quantity': 0}}]}]"
1,flight-offer,2,GDS,False,False,False,2022-10-15,9,"[{'duration': 'PT15H30M', 'segments': [{'departure': {'iataCode': 'NCE', 'terminal': '2', 'at': '2022-10-15T18:30:00'}, 'arrival': {'iataCode': 'CDG', 'terminal': '2F', 'at': '2022-10-15T20:00:00'}, 'carrierCode': 'AF', 'number': '7709', 'aircraft': {'code': '321'}, 'operating': {'carrierCode': 'AF'}, 'duration': 'PT1H30M', 'id': '27', 'numberOfStops': 0, 'blacklistedInEU': False}, {'departure': {'iataCode': 'CDG', 'terminal': '2F', 'at': '2022-10-16T08:40:00'}, 'arrival': {'iataCode': 'MPL', 'at': '2022-10-16T10:00:00'}, 'carrierCode': 'AF', 'number': '7688', 'aircraft': {'code': '223'}, 'operating': {'carrierCode': 'AF'}, 'duration': 'PT1H20M', 'id': '28', 'numberOfStops': 0, 'blacklistedInEU': False}]}]","{'currency': 'EUR', 'total': '100.19', 'base': '38.00', 'fees': [{'amount': '0.00', 'type': 'SUPPLIER'}, {'amount': '0.00', 'type': 'TICKETING'}], 'grandTotal': '100.19', 'additionalServices': [{'amount': '30.00', 'type': 'CHECKED_BAGS'}]}","{'fareType': ['PUBLISHED'], 'includedCheckedBagsOnly': False}",['AF'],"[{'travelerId': '1', 'fareOption': 'STANDARD', 'travelerType': 'ADULT', 'price': {'currency': 'EUR', 'total': '100.19', 'base': '38.00'}, 'fareDetailsBySegment': [{'segmentId': '27', 'cabin': 'ECONOMY', 'fareBasis': 'XS50MALG', 'brandedFare': 'LIGHT', 'class': 'X', 'includedCheckedBags': {'quantity': 0}}, {'segmentId': '28', 'cabin': 'ECONOMY', 'fareBasis': 'XS50MALG', 'brandedFare': 'LIGHT', 'class': 'X', 'includedCheckedBags': {'quantity': 0}}]}]"
2,flight-offer,3,GDS,False,False,False,2022-10-15,9,"[{'duration': 'PT15H45M', 'segments': [{'departure': {'iataCode': 'NCE', 'terminal': '2', 'at': '2022-10-15T18:15:00'}, 'arrival': {'iataCode': 'ORY', 'terminal': '2', 'at': '2022-10-15T19:45:00'}, 'carrierCode': 'AF', 'number': '6273', 'aircraft': {'code': '320'}, 'operating': {'carrierCode': 'AF'}, 'duration': 'PT1H30M', 'id': '41', 'numberOfStops': 0, 'blacklistedInEU': False}, {'departure': {'iataCode': 'CDG', 'terminal': '2F', 'at': '2022-10-16T08:40:00'}, 'arrival': {'iataCode': 'MPL', 'at': '2022-10-16T10:00:00'}, 'carrierCode': 'AF', 'number': '7688', 'aircraft': {'code': '223'}, 'operating': {'carrierCode': 'AF'}, 'duration': 'PT1H20M', 'id': '42', 'numberOfStops': 0, 'blacklistedInEU': False}]}]","{'currency': 'EUR', 'total': '100.19', 'base': '38.00', 'fees': [{'amount': '0.00', 'type': 'SUPPLIER'}, {'amount': '0.00', 'type': 'TICKETING'}], 'grandTotal': '100.19', 'additionalServices': [{'amount': '30.00', 'type': 'CHECKED_BAGS'}]}","{'fareType': ['PUBLISHED'], 'includedCheckedBagsOnly': False}",['AF'],"[{'travelerId': '1', 'fareOption': 'STANDARD', 'travelerType': 'ADULT', 'price': {'currency': 'EUR', 'total': '100.19', 'base': '38.00'}, 'fareDetailsBySegment': [{'segmentId': '41', 'cabin': 'ECONOMY', 'fareBasis': 'XS50MALG', 'brandedFare': 'LIGHT', 'class': 'X', 'includedCheckedBags': {'quantity': 0}}, {'segmentId': '42', 'cabin': 'ECONOMY', 'fareBasis': 'XS50MALG', 'brandedFare': 'LIGHT', 'class': 'X', 'includedCheckedBags': {'quantity': 0}}]}]"
3,flight-offer,4,GDS,False,False,False,2022-10-15,9,"[{'duration': 'PT16H15M', 'segments': [{'departure': {'iataCode': 'NCE', 'terminal': '2', 'at': '2022-10-15T17:45:00'}, 'arrival': {'iataCode': 'ORY', 'terminal': '2', 'at': '2022-10-15T19:15:00'}, 'carrierCode': 'AF', 'number': '6231', 'aircraft': {'code': '320'}, 'operating': {'carrierCode': 'AF'}, 'duration': 'PT1H30M', 'id': '17', 'numberOfStops': 0, 'blacklistedInEU': False}, {'departure': {'iataCode': 'CDG', 'terminal': '2F', 'at': '2022-10-16T08:40:00'}, 'arrival': {'iataCode': 'MPL', 'at': '2022-10-16T10:00:00'}, 'carrierCode': 'AF', 'number': '7688', 'aircraft': {'code': '223'}, 'operating': {'carrierCode': 'AF'}, 'duration': 'PT1H20M', 'id': '18', 'numberOfStops': 0, 'blacklistedInEU': False}]}]","{'currency': 'EUR', 'total': '100.19', 'base': '38.00', 'fees': [{'amount': '0.00', 'type': 'SUPPLIER'}, {'amount': '0.00', 'type': 'TICKETING'}], 'grandTotal': '100.19', 'additionalServices': [{'amount': '30.00', 'type': 'CHECKED_BAGS'}]}","{'fareType': ['PUBLISHED'], 'includedCheckedBagsOnly': False}",['AF'],"[{'travelerId': '1', 'fareOption': 'STANDARD', 'travelerType': 'ADULT', 'price': {'currency': 'EUR', 'total': '100.19', 'base': '38.00'}, 'fareDetailsBySegment': [{'segmentId': '17', 'cabin': 'ECONOMY', 'fareBasis': 'XS50MALG', 'brandedFare': 'LIGHT', 'class': 'X', 'includedCheckedBags': {'quantity': 0}}, {'segmentId': '18', 'cabin': 'ECONOMY', 'fareBasis': 'XS50MALG', 'brandedFare': 'LIGHT', 'class': 'X', 'includedCheckedBags': {'quantity': 0}}]}]"
4,flight-offer,5,GDS,False,False,False,2022-10-15,9,"[{'duration': 'PT16H45M', 'segments': [{'departure': {'iataCode': 'NCE', 'terminal': '2', 'at': '2022-10-15T17:15:00'}, 'arrival': {'iataCode': 'ORY', 'terminal': '2', 'at': '2022-10-15T18:45:00'}, 'carrierCode': 'AF', 'number': '6229', 'aircraft': {'code': '318'}, 'operating': {'carrierCode': 'AF'}, 'duration': 'PT1H30M', 'id': '43', 'numberOfStops': 0, 'blacklistedInEU': False}, {'departure': {'iataCode': 'CDG', 'terminal': '2F', 'at': '2022-10-16T08:40:00'}, 'arrival': {'iataCode': 'MPL', 'at': '2022-10-16T10:00:00'}, 'carrierCode': 'AF', 'number': '7688', 'aircraft': {'code': '223'}, 'operating': {'carrierCode': 'AF'}, 'duration': 'PT1H20M', 'id': '44', 'numberOfStops': 0, 'blacklistedInEU': False}]}]","{'currency': 'EUR', 'total': '100.19', 'base': '38.00', 'fees': [{'amount': '0.00', 'type': 'SUPPLIER'}, {'amount': '0.00', 'type': 'TICKETING'}], 'grandTotal': '100.19', 'additionalServices': [{'amount': '30.00', 'type': 'CHECKED_BAGS'}]}","{'fareType': ['PUBLISHED'], 'includedCheckedBagsOnly': False}",['AF'],"[{'travelerId': '1', 'fareOption': 'STANDARD', 'travelerType': 'ADULT', 'price': {'currency': 'EUR', 'total': '100.19', 'base': '38.00'}, 'fareDetailsBySegment': [{'segmentId': '43', 'cabin': 'ECONOMY', 'fareBasis': 'XS50MALG', 'brandedFare': 'LIGHT', 'class': 'X', 'includedCheckedBags': {'quantity': 0}}, {'segmentId': '44', 'cabin': 'ECONOMY', 'fareBasis': 'XS50MALG', 'brandedFare': 'LIGHT', 'class': 'X', 'includedCheckedBags': {'quantity': 0}}]}]"
5,flight-offer,6,GDS,False,False,False,2022-10-15,9,"[{'duration': 'PT17H35M', 'segments': [{'departure': {'iataCode': 'NCE', 'terminal': '2', 'at': '2022-10-15T20:30:00'}, 'arrival': {'iataCode': 'CDG', 'terminal': '2F', 'at': '2022-10-15T22:05:00'}, 'carrierCode': 'AF', 'number': '7715', 'aircraft': {'code': '321'}, 'operating': {'carrierCode': 'AF'}, 'duration': 'PT1H35M', 'id': '33', 'numberOfStops': 0, 'blacklistedInEU': False}, {'departure': {'iataCode': 'CDG', 'terminal': '2F', 'at': '2022-10-16T12:45:00'}, 'arrival': {'iataCode': 'MPL', 'at': '2022-10-16T14:05:00'}, 'carrierCode': 'AF', 'number': '7680', 'aircraft': {'code': '321'}, 'operating': {'carrierCode': 'AF'}, 'duration': 'PT1H20M', 'id': '34', 'numberOfStops': 0, 'blacklistedInEU': False}]}]","{'currency': 'EUR', 'total': '100.19', 'base': '38.00', 'fees': [{'amount': '0.00', 'type': 'SUPPLIER'}, {'amount': '0.00', 'type': 'TICKETING'}], 'grandTotal': '100.19', 'additionalServices': [{'amount': '30.00', 'type': 'CHECKED_BAGS'}]}","{'fareType': ['PUBLISHED'], 'includedCheckedBagsOnly': False}",['AF'],"[{'travelerId': '1', 'fareOption': 'STANDARD', 'travelerType': 'ADULT', 'price': {'currency': 'EUR', 'total': '100.19', 'base': '38.00'}, 'fareDetailsBySegment': [{'segmentId': '33', 'cabin': 'ECONOMY', 'fareBasis': 'XS50MALG', 'brandedFare': 'LIGHT', 'class': 'X', 'includedCheckedBags': {'quantity': 0}}, {'segmentId': '34', 'cabin': 'ECONOMY', 'fareBasis': 'XS50MALG', 'brandedFare': 'LIGHT', 'class': 'X', 'includedCheckedBags': {'quantity': 0}}]}]"
6,flight-offer,7,GDS,False,False,False,2022-10-15,9,"[{'duration': 'PT19H', 'segments': [{'departure': {'iataCode': 'NCE', 'terminal': '2', 'at': '2022-10-15T15:00:00'}, 'arrival': {'iataCode': 'ORY', 'terminal': '2', 'at': '2022-10-15T16:30:00'}, 'carrierCode': 'AF', 'number': '6223', 'aircraft': {'code': '320'}, 'operating': {'carrierCode': 'AF'}, 'duration': 'PT1H30M', 'id': '3', 'numberOfStops': 0, 'blacklistedInEU': False}, {'departure': {'iataCode': 'CDG', 'terminal': '2F', 'at': '2022-10-16T08:40:00'}, 'arrival': {'iataCode': 'MPL', 'at': '2022-10-16T10:00:00'}, 'carrierCode': 'AF', 'number': '7688', 'aircraft': {'code': '223'}, 'operating': {'carrierCode': 'AF'}, 'duration': 'PT1H20M', 'id': '4', 'numberOfStops': 0, 'blacklistedInEU': False}]}]","{'currency': 'EUR', 'total': '100.19', 'base': '38.00', 'fees': [{'amount': '0.00', 'type': 'SUPPLIER'}, {'amount': '0.00', 'type': 'TICKETING'}], 'grandTotal': '100.19', 'additionalServices': [{'amount': '30.00', 'type': 'CHECKED_BAGS'}]}","{'fareType': ['PUBLISHED'], 'includedCheckedBagsOnly': False}",['AF'],"[{'travelerId': '1', 'fareOption': 'STANDARD', 'travelerType': 'ADULT', 'price': {'currency': 'EUR', 'total': '100.19', 'base': '38.00'}, 'fareDetailsBySegment': [{'segmentId': '3', 'cabin': 'ECONOMY', 'fareBasis': 'XS50MALG', 'brandedFare': 'LIGHT', 'class': 'X', 'includedCheckedBags': {'quantity': 0}}, {'segmentId': '4', 'cabin': 'ECONOMY', 'fareBasis': 'XS50MALG', 'brandedFare': 'LIGHT', 'class': 'X', 'includedCheckedBags': {'quantity': 0}}]}]"
7,flight-offer,8,GDS,False,False,False,2022-10-15,9,"[{'duration': 'PT19H30M', 'segments': [{'departure': {'iataCode': 'NCE', 'terminal': '2', 'at': '2022-10-15T14:30:00'}, 'arrival': {'iataCode': 'ORY', 'terminal': '2', 'at': '2022-10-15T16:00:00'}, 'carrierCode': 'AF', 'number': '6221', 'aircraft': {'code': '321'}, 'operating': {'carrierCode': 'AF'}, 'duration': 'PT1H30M', 'id': '29', 'numberOfStops': 0, 'blacklistedInEU': False}, {'departure': {'iataCode': 'CDG', 'terminal': '2F', 'at': '2022-10-16T08:40:00'}, 'arrival': {'iataCode': 'MPL', 'at': '2022-10-16T10:00:00'}, 'carrierCode': 'AF', 'number': '7688', 'aircraft': {'code': '223'}, 'operating': {'carrierCode': 'AF'}, 'duration': 'PT1H20M', 'id': '30', 'numberOfStops': 0, 'blacklistedInEU': False}]}]","{'currency': 'EUR', 'total': '100.19', 'base': '38.00', 'fees': [{'amount': '0.00', 'type': 'SUPPLIER'}, {'amount': '0.00', 'type': 'TICKETING'}], 'grandTotal': '100.19', 'additionalServices': [{'amount': '30.00', 'type': 'CHECKED_BAGS'}]}","{'fareType': ['PUBLISHED'], 'includedCheckedBagsOnly': False}",['AF'],"[{'travelerId': '1', 'fareOption': 'STANDARD', 'travelerType': 'ADULT', 'price': {'currency': 'EUR', 'total': '100.19', 'base': '38.00'}, 'fareDetailsBySegment': [{'segmentId': '29', 'cabin': 'ECONOMY', 'fareBasis': 'XS50MALG', 'brandedFare': 'LIGHT', 'class': 'X', 'includedCheckedBags': {'quantity': 0}}, {'segmentId': '30', 'cabin': 'ECONOMY', 'fareBasis': 'XS50MALG', 'brandedFare': 'LIGHT', 'class': 'X', 'includedCheckedBags': {'quantity': 0}}]}]"
8,flight-offer,9,GDS,False,False,False,2022-10-15,9,"[{'duration': 'PT19H35M', 'segments': [{'departure': {'iataCode': 'NCE', 'terminal': '2', 'at': '2022-10-15T18:30:00'}, 'arrival': {'iataCode': 'CDG', 'terminal': '2F', 'at': '2022-10-15T20:00:00'}, 'carrierCode': 'AF', 'number': '7709', 'aircraft': {'code': '321'}, 'operating': {'carrierCode': 'AF'}, 'duration': 'PT1H30M', 'id': '35', 'numberOfStops': 0, 'blacklistedInEU': False}, {'departure': {'iataCode': 'CDG', 'terminal': '2F', 'at': '2022-10-16T12:45:00'}, 'arrival': {'iataCode': 'MPL', 'at': '2022-10-16T14:05:00'}, 'carrierCode': 'AF', 'number': '7680', 'aircraft': {'code': '321'}, 'operating': {'carrierCode': 'AF'}, 'duration': 'PT1H20M', 'id': '36', 'numberOfStops': 0, 'blacklistedInEU': False}]}]","{'currency': 'EUR', 'total': '100.19', 'base': '38.00', 'fees': [{'amount': '0.00', 'type': 'SUPPLIER'}, {'amount': '0.00', 'type': 'TICKETING'}], 'grandTotal': '100.19', 'additionalServices': [{'amount': '30.00', 'type': 'CHECKED_BAGS'}]}","{'fareType': ['PUBLISHED'], 'includedCheckedBagsOnly': False}",['AF'],"[{'travelerId': '1', 'fareOption': 'STANDARD', 'travelerType': 'ADULT', 'price': {'currency': 'EUR', 'total': '100.19', 'base': '38.00'}, 'fareDetailsBySegment': [{'segmentId': '35', 'cabin': 'ECONOMY', 'fareBasis': 'XS50MALG', 'brandedFare': 'LIGHT', 'class': 'X', 'includedCheckedBags': {'quantity': 0}}, {'segmentId': '36', 'cabin': 'ECONOMY', 'fareBasis': 'XS50MALG', 'brandedFare': 'LIGHT', 'class': 'X', 'includedCheckedBags': {'quantity': 0}}]}]"
9,flight-offer,10,GDS,False,False,False,2022-10-15,9,"[{'duration': 'PT19H50M', 'segments': [{'departure': {'iataCode': 'NCE', 'terminal': '2', 'at': '2022-10-15T18:15:00'}, 'arrival': {'iataCode': 'ORY', 'terminal': '2', 'at': '2022-10-15T19:45:00'}, 'carrierCode': 'AF', 'number': '6273', 'aircraft': {'code': '320'}, 'operating': {'carrierCode': 'AF'}, 'duration': 'PT1H30M', 'id': '55', 'numberOfStops': 0, 'blacklistedInEU': False}, {'departure': {'iataCode': 'CDG', 'terminal': '2F', 'at': '2022-10-16T12:45:00'}, 'arrival': {'iataCode': 'MPL', 'at': '2022-10-16T14:05:00'}, 'carrierCode': 'AF', 'number': '7680', 'aircraft': {'code': '321'}, 'operating': {'carrierCode': 'AF'}, 'duration': 'PT1H20M', 'id': '56', 'numberOfStops': 0, 'blacklistedInEU': False}]}]","{'currency': 'EUR', 'total': '100.19', 'base': '38.00', 'fees': [{'amount': '0.00', 'type': 'SUPPLIER'}, {'amount': '0.00', 'type': 'TICKETING'}], 'grandTotal': '100.19', 'additionalServices': [{'amount': '30.00', 'type': 'CHECKED_BAGS'}]}","{'fareType': ['PUBLISHED'], 'includedCheckedBagsOnly': False}",['AF'],"[{'travelerId': '1', 'fareOption': 'STANDARD', 'travelerType': 'ADULT', 'price': {'currency': 'EUR', 'total': '100.19', 'base': '38.00'}, 'fareDetailsBySegment': [{'segmentId': '55', 'cabin': 'ECONOMY', 'fareBasis': 'XS50MALG', 'brandedFare': 'LIGHT', 'class': 'X', 'includedCheckedBags': {'quantity': 0}}, {'segmentId': '56', 'cabin': 'ECONOMY', 'fareBasis': 'XS50MALG', 'brandedFare': 'LIGHT', 'class': 'X', 'includedCheckedBags': {'quantity': 0}}]}]"
10,flight-offer,11,GDS,False,False,False,2022-10-15,9,"[{'duration': 'PT20H20M', 'segments': [{'departure': {'iataCode': 'NCE', 'terminal': '2', 'at': '2022-10-15T17:45:00'}, 'arrival': {'iataCode': 'ORY', 'terminal': '2', 'at': '2022-10-15T19:15:00'}, 'carrierCode': 'AF', 'number': '6231', 'aircraft': {'code': '320'}, 'operating': {'carrierCode': 'AF'}, 'duration': 'PT1H30M', 'id': '23', 'numberOfStops': 0, 'blacklistedInEU': False}, {'departure': {'iataCode': 'CDG', 'terminal': '2F', 'at': '2022-10-16T12:45:00'}, 'arrival': {'iataCode': 'MPL', 'at': '2022-10-16T14:05:00'}, 'carrierCode': 'AF', 'number': '7680', 'aircraft': {'code': '321'}, 'operating': {'carrierCode': 'AF'}, 'duration': 'PT1H20M', 'id': '24', 'numberOfStops': 0, 'blacklistedInEU': False}]}]","{'currency': 'EUR', 'total': '100.19', 'base': '38.00', 'fees': [{'amount': '0.00', 'type': 'SUPPLIER'}, {'amount': '0.00', 'type': 'TICKETING'}], 'grandTotal': '100.19', 'additionalServices': [{'amount': '30.00', 'type': 'CHECKED_BAGS'}]}","{'fareType': ['PUBLISHED'], 'includedCheckedBagsOnly': False}",['AF'],"[{'travelerId': '1', 'fareOption': 'STANDARD', 'travelerType': 'ADULT', 'price': {'currency': 'EUR', 'total': '100.19', 'base': '38.00'}, 'fareDetailsBySegment': [{'segmentId': '23', 'cabin': 'ECONOMY', 'fareBasis': 'XS50MALG', 'brandedFare': 'LIGHT', 'class': 'X', 'includedCheckedBags': {'quantity': 0}}, {'segmentId': '24', 'cabin': 'ECONOMY', 'fareBasis': 'XS50MALG', 'brandedFare': 'LIGHT', 'class': 'X', 'includedCheckedBags': {'quantity': 0}}]}]"
11,flight-offer,12,GDS,False,False,False,2022-10-15,9,"[{'duration': 'PT20H50M', 'segments': [{'departure': {'iataCode': 'NCE', 'terminal': '2', 'at': '2022-10-15T17:15:00'}, 'arrival': {'iataCode': 'ORY', 'terminal': '2', 'at': '2022-10-15T18:45:00'}, 'carrierCode': 'AF', 'number': '6229', 'aircraft': {'code': '318'}, 'operating': {'carrierCode': 'AF'}, 'duration': 'PT1H30M', 'id': '57', 'numberOfStops': 0, 'blacklistedInEU': False}, {'departure': {'iataCode': 'CDG', 'terminal': '2F', 'at': '2022-10-16T12:45:00'}, 'arrival': {'iataCode': 'MPL', 'at': '2022-10-16T14:05:00'}, 'carrierCode': 'AF', 'number': '7680', 'aircraft': {'code': '321'}, 'operating': {'carrierCode': 'AF'}, 'duration': 'PT1H20M', 'id': '58', 'numberOfStops': 0, 'blacklistedInEU': False}]}]","{'currency': 'EUR', 'total': '100.19', 'base': '38.00', 'fees': [{'amount': '0.00', 'type': 'SUPPLIER'}, {'amount': '0.00', 'type': 'TICKETING'}], 'grandTotal': '100.19', 'additionalServices': [{'amount': '30.00', 'type': 'CHECKED_BAGS'}]}","{'fareType': ['PUBLISHED'], 'includedCheckedBagsOnly': False}",['AF'],"[{'travelerId': '1', 'fareOption': 'STANDARD', 'travelerType': 'ADULT', 'price': {'currency': 'EUR', 'total': '100.19', 'base': '38.00'}, 'fareDetailsBySegment': [{'segmentId': '57', 'cabin': 'ECONOMY', 'fareBasis': 'XS50MALG', 'brandedFare': 'LIGHT', 'class': 'X', 'includedCheckedBags': {'quantity': 0}}, {'segmentId': '58', 'cabin': 'ECONOMY', 'fareBasis': 'XS50MALG', 'brandedFare': 'LIGHT', 'class': 'X', 'includedCheckedBags': {'quantity': 0}}]}]"
12,flight-offer,13,GDS,False,False,False,2022-10-15,9,"[{'duration': 'PT21H10M', 'segments': [{'departure': {'iataCode': 'NCE', 'terminal': '2', 'at': '2022-10-15T20:30:00'}, 'arrival': {'iataCode': 'CDG', 'terminal': '2F', 'at': '2022-10-15T22:05:00'}, 'carrierCode': 'AF', 'number': '7715', 'aircraft': {'code': '321'}, 'operating': {'carrierCode': 'AF'}, 'duration': 'PT1H35M', 'id': '13', 'numberOfStops': 0, 'blacklistedInEU': False}, {'departure': {'iataCode': 'CDG', 'terminal': '2F', 'at': '2022-10-16T16:20:00'}, 'arrival': {'iataCode': 'MPL', 'at': '2022-10-16T17:40:00'}, 'carrierCode': 'AF', 'number': '7686', 'aircraft': {'code': '320'}, 'operating': {'carrierCode': 'AF'}, 'duration': 'PT1H20M', 'id': '14', 'numberOfStops': 0, 'blacklistedInEU': False}]}]","{'currency': 'EUR', 'total': '100.19', 'base': '38.00', 'fees': [{'amount': '0.00', 'type': 'SUPPLIER'}, {'amount': '0.00', 'type': 'TICKETING'}], 'grandTotal': '100.19', 'additionalServices': [{'amount': '30.00', 'type': 'CHECKED_BAGS'}]}","{'fareType': ['PUBLISHED'], 'includedCheckedBagsOnly': False}",['AF'],"[{'travelerId': '1', 'fareOption': 'STANDARD', 'travelerType': 'ADULT', 'price': {'currency': 'EUR', 'total': '100.19', 'base': '38.00'}, 'fareDetailsBySegment': [{'segmentId': '13', 'cabin': 'ECONOMY', 'fareBasis': 'XS50MALG', 'brandedFare': 'LIGHT', 'class': 'X', 'includedCheckedBags': {'quantity': 0}}, {'segmentId': '14', 'cabin': 'ECONOMY', 'fareBasis': 'XS50MALG', 'brandedFare': 'LIGHT', 'class': 'X', 'includedCheckedBags': {'quantity': 0}}]}]"
13,flight-offer,14,GDS,False,False,False,2022-10-15,9,"[{'duration': 'PT21H45M', 'segments': [{'departure': {'iataCode': 'NCE', 'terminal': '2', 'at': '2022-10-15T12:15:00'}, 'arrival': {'iataCode': 'ORY', 'terminal': '2', 'at': '2022-10-15T13:45:00'}, 'carrierCode': 'AF', 'number': '6247', 'aircraft': {'code': '320'}, 'operating': {'carrierCode': 'AF'}, 'duration': 'PT1H30M', 'id': '45', 'numberOfStops': 0, 'blacklistedInEU': False}, {'departure': {'iataCode': 'CDG', 'terminal': '2F', 'at': '2022-10-16T08:40:00'}, 'arrival': {'iataCode': 'MPL', 'at': '2022-10-16T10:00:00'}, 'carrierCode': 'AF', 'number': '7688', 'aircraft': {'code': '223'}, 'operating': {'carrierCode': 'AF'}, 'duration': 'PT1H20M', 'id': '46', 'numberOfStops': 0, 'blacklistedInEU': False}]}]","{'currency': 'EUR', 'total': '100.19', 'base': '38.00', 'fees': [{'amount': '0.00', 'type': 'SUPPLIER'}, {'amount': '0.00', 'type': 'TICKETING'}], 'grandTotal': '100.19', 'additionalServices': [{'amount': '30.00', 'type': 'CHECKED_BAGS'}]}","{'fareType': ['PUBLISHED'], 'includedCheckedBagsOnly': False}",['AF'],"[{'travelerId': '1', 'fareOption': 'STANDARD', 'travelerType': 'ADULT', 'price': {'currency': 'EUR', 'total': '100.19', 'base': '38.00'}, 'fareDetailsBySegment': [{'segmentId': '45', 'cabin': 'ECONOMY', 'fareBasis': 'XS50MALG', 'brandedFare': 'LIGHT', 'class': 'X', 'includedCheckedBags': {'quantity': 0}}, {'segmentId': '46', 'cabin': 'ECONOMY', 'fareBasis': 'XS50MALG', 'brandedFare': 'LIGHT', 'class': 'X', 'includedCheckedBags': {'quantity': 0}}]}]"
14,flight-offer,15,GDS,False,False,False,2022-10-15,9,"[{'duration': 'PT22H15M', 'segments': [{'departure': {'iataCode': 'NCE', 'terminal': '2', 'at': '2022-10-15T11:45:00'}, 'arrival': {'iataCode': 'CDG', 'terminal': '2F', 'at': '2022-10-15T13:20:00'}, 'carrierCode': 'AF', 'number': '7703', 'aircraft': {'code': '321'}, 'operating': {'carrierCode': 'AF'}, 'duration': 'PT1H35M', 'id': '19', 'numberOfStops': 0, 'blacklistedInEU': False}, {'departure': {'iataCode': 'CDG', 'terminal': '2F', 'at': '2022-10-16T08:40:00'}, 'arrival': {'iataCode': 'MPL', 'at': '2022-10-16T10:00:00'}, 'carrierCode': 'AF', 'number': '7688', 'aircraft': {'code': '223'}, 'operating': {'carrierCode': 'AF'}, 'duration': 'PT1H20M', 'id': '20', 'numberOfStops': 0, 'blacklistedInEU': False}]}]","{'currency': 'EUR', 'total': '100.19', 'base': '38.00', 'fees': [{'amount': '0.00', 'type': 'SUPPLIER'}, {'amount': '0.00', 'type': 'TICKETING'}], 'grandTotal': '100.19', 'additionalServices': [{'amount': '30.00', 'type': 'CHECKED_BAGS'}]}","{'fareType': ['PUBLISHED'], 'includedCheckedBagsOnly': False}",['AF'],"[{'travelerId': '1', 'fareOption': 'STANDARD', 'travelerType': 'ADULT', 'price': {'currency': 'EUR', 'total': '100.19', 'base': '38.00'}, 'fareDetailsBySegment': [{'segmentId': '19', 'cabin': 'ECONOMY', 'fareBasis': 'XS50MALG', 'brandedFare': 'LIGHT', 'class': 'X', 'includedCheckedBags': {'quantity': 0}}, {'segmentId': '20', 'cabin': 'ECONOMY', 'fareBasis': 'XS50MALG', 'brandedFare': 'LIGHT', 'class': 'X', 'includedCheckedBags': {'quantity': 0}}]}]"
15,flight-offer,16,GDS,False,False,False,2022-10-15,9,"[{'duration': 'PT22H50M', 'segments': [{'departure': {'iataCode': 'NCE', 'terminal': '2', 'at': '2022-10-15T11:10:00'}, 'arrival': {'iataCode': 'CDG', 'terminal': '2F', 'at': '2022-10-15T12:40:00'}, 'carrierCode': 'AF', 'number': '7701', 'aircraft': {'code': '321'}, 'operating': {'carrierCode': 'AF'}, 'duration': 'PT1H30M', 'id': '59', 'numberOfStops': 0, 'blacklistedInEU': False}, {'departure': {'iataCode': 'CDG', 'terminal': '2F', 'at': '2022-10-16T08:40:00'}, 'arrival': {'iataCode': 'MPL', 'at': '2022-10-16T10:00:00'}, 'carrierCode': 'AF', 'number': '7688', 'aircraft': {'code': '223'}, 'operating': {'carrierCode': 'AF'}, 'duration': 'PT1H20M', 'id': '60', 'numberOfStops': 0, 'blacklistedInEU': False}]}]","{'currency': 'EUR', 'total': '100.19', 'base': '38.00', 'fees': [{'amount': '0.00', 'type': 'SUPPLIER'}, {'amount': '0.00', 'type': 'TICKETING'}], 'grandTotal': '100.19', 'additionalServices': [{'amount': '30.00', 'type': 'CHECKED_BAGS'}]}","{'fareType': ['PUBLISHED'], 'includedCheckedBagsOnly': False}",['AF'],"[{'travelerId': '1', 'fareOption': 'STANDARD', 'travelerType': 'ADULT', 'price': {'currency': 'EUR', 'total': '100.19', 'base': '38.00'}, 'fareDetailsBySegment': [{'segmentId': '59', 'cabin': 'ECONOMY', 'fareBasis': 'XS50MALG', 'brandedFare': 'LIGHT', 'class': 'X', 'includedCheckedBags': {'quantity': 0}}, {'segmentId': '60', 'cabin': 'ECONOMY', 'fareBasis': 'XS50MALG', 'brandedFare': 'LIGHT', 'class': 'X', 'includedCheckedBags': {'quantity': 0}}]}]"
16,flight-offer,17,GDS,False,False,False,2022-10-15,9,"[{'duration': 'PT23H5M', 'segments': [{'departure': {'iataCode': 'NCE', 'terminal': '2', 'at': '2022-10-15T15:00:00'}, 'arrival': {'iataCode': 'ORY', 'terminal': '2', 'at': '2022-10-15T16:30:00'}, 'carrierCode': 'AF', 'number': '6223', 'aircraft': {'code': '320'}, 'operating': {'carrierCode': 'AF'}, 'duration': 'PT1H30M', 'id': '7', 'numberOfStops': 0, 'blacklistedInEU': False}, {'departure': {'iataCode': 'CDG', 'terminal': '2F', 'at': '2022-10-16T12:45:00'}, 'arrival': {'iataCode': 'MPL', 'at': '2022-10-16T14:05:00'}, 'carrierCode': 'AF', 'number': '7680', 'aircraft': {'code': '321'}, 'operating': {'carrierCode': 'AF'}, 'duration': 'PT1H20M', 'id': '8', 'numberOfStops': 0, 'blacklistedInEU': False}]}]","{'currency': 'EUR', 'total': '100.19', 'base': '38.00', 'fees': [{'amount': '0.00', 'type': 'SUPPLIER'}, {'amount': '0.00', 'type': 'TICKETING'}], 'grandTotal': '100.19', 'additionalServices': [{'amount': '30.00', 'type': 'CHECKED_BAGS'}]}","{'fareType': ['PUBLISHED'], 'includedCheckedBagsOnly': False}",['AF'],"[{'travelerId': '1', 'fareOption': 'STANDARD', 'travelerType': 'ADULT', 'price': {'currency': 'EUR', 'total': '100.19', 'base': '38.00'}, 'fareDetailsBySegment': [{'segmentId': '7', 'cabin': 'ECONOMY', 'fareBasis': 'XS50MALG', 'brandedFare': 'LIGHT', 'class': 'X', 'includedCheckedBags': {'quantity': 0}}, {'segmentId': '8', 'cabin': 'ECONOMY', 'fareBasis': 'XS50MALG', 'brandedFare': 'LIGHT', 'class': 'X', 'includedCheckedBags': {'quantity': 0}}]}]"
17,flight-offer,18,GDS,False,False,False,2022-10-15,9,"[{'duration': 'PT23H10M', 'segments': [{'departure': {'iataCode': 'NCE', 'terminal': '2', 'at': '2022-10-15T18:30:00'}, 'arrival': {'iataCode': 'CDG', 'terminal': '2F', 'at': '2022-10-15T20:00:00'}, 'carrierCode': 'AF', 'number': '7709', 'aircraft': {'code': '321'}, 'operating': {'carrierCode': 'AF'}, 'duration': 'PT1H30M', 'id': '15', 'numberOfStops': 0, 'blacklistedInEU': False}, {'departure': {'iataCode': 'CDG', 'terminal': '2F', 'at': '2022-10-16T16:20:00'}, 'arrival': {'iataCode': 'MPL', 'at': '2022-10-16T17:40:00'}, 'carrierCode': 'AF', 'number': '7686', 'aircraft': {'code': '320'}, 'operating': {'carrierCode': 'AF'}, 'duration': 'PT1H20M', 'id': '16', 'numberOfStops': 0, 'blacklistedInEU': False}]}]","{'currency': 'EUR', 'total': '100.19', 'base': '38.00', 'fees': [{'amount': '0.00', 'type': 'SUPPLIER'}, {'amount': '0.00', 'type': 'TICKETING'}], 'grandTotal': '100.19', 'additionalServices': [{'amount': '30.00', 'type': 'CHECKED_BAGS'}]}","{'fareType': ['PUBLISHED'], 'includedCheckedBagsOnly': False}",['AF'],"[{'travelerId': '1', 'fareOption': 'STANDARD', 'travelerType': 'ADULT', 'price': {'currency': 'EUR', 'total': '100.19', 'base': '38.00'}, 'fareDetailsBySegment': [{'segmentId': '15', 'cabin': 'ECONOMY', 'fareBasis': 'XS50MALG', 'brandedFare': 'LIGHT', 'class': 'X', 'includedCheckedBags': {'quantity': 0}}, {'segmentId': '16', 'cabin': 'ECONOMY', 'fareBasis': 'XS50MALG', 'brandedFare': 'LIGHT', 'class': 'X', 'includedCheckedBags': {'quantity': 0}}]}]"
18,flight-offer,19,GDS,False,False,False,2022-10-15,2,"[{'duration': 'PT17H50M', 'segments': [{'departure': {'iataCode': 'NCE', 'terminal': '2', 'at': '2022-10-15T16:10:00'}, 'arrival': {'iataCode': 'CDG', 'terminal': '2F', 'at': '2022-10-15T17:40:00'}, 'carrierCode': 'AF', 'number': '7707', 'aircraft': {'code': '319'}, 'operating': {'carrierCode': 'AF'}, 'duration': 'PT1H30M', 'id': '53', 'numberOfStops': 0, 'blacklistedInEU': False}, {'departure': {'iataCode': 'CDG', 'terminal': '2F', 'at': '2022-10-16T08:40:00'}, 'arrival': {'iataCode': 'MPL', 'at': '2022-10-16T10:00:00'}, 'carrierCode': 'AF', 'number': '7688', 'aircraft': {'code': '223'}, 'operating': {'carrierCode': 'AF'}, 'duration': 'PT1H20M', 'id': '54', 'numberOfStops': 0, 'blacklistedInEU': False}]}]","{'currency': 'EUR', 'total': '124.19', 'base': '62.00', 'fees': [{'amount': '0.00', 'type': 'SUPPLIER'}, {'amount': '0.00', 'type': 'TICKETING'}], 'grandTotal': '124.19', 'additionalServices': [{'amount': '30.00', 'type': 'CHECKED_BAGS'}]}","{'fareType': ['PUBLISHED'], 'includedCheckedBagsOnly': False}",['AF'],"[{'travelerId': '1', 'fareOption': 'STANDARD', 'travelerType': 'ADULT', 'price': {'currency': 'EUR', 'total': '124.19', 'base': '62.00'}, 'fareDetailsBySegment': [{'segmentId': '53', 'cabin': 'ECONOMY', 'fareBasis': 'RS50MALG', 'brandedFare': 'LIGHT', 'class': 'R', 'includedCheckedBags': {'quantity': 0}}, {'segmentId': '54', 'cabin': 'ECONOMY', 'fareBasis': 'XS50MALG', 'brandedFare': 'LIGHT', 'class': 'X', 'includedCheckedBags': {'quantity': 0}}]}]"
19,flight-offer,20,GDS,False,False,False,2022-10-15,2,"[{'duration': 'PT21H55M', 'segments': [{'departure': {'iataCode': 'NCE', 'terminal': '2', 'at': '2022-10-15T16:10:00'}, 'arrival': {'iataCode': 'CDG', 'terminal': '2F', 'at': '2022-10-15T17:40:00'}, 'carrierCode': 'AF', 'number': '7707', 'aircraft': {'code': '319'}, 'operating': {'carrierCode': 'AF'}, 'duration': 'PT1H30M', 'id': '63', 'numberOfStops': 0, 'blacklistedInEU': False}, {'departure': {'iataCode': 'CDG', 'terminal': '2F', 'at': '2022-10-16T12:45:00'}, 'arrival': {'iataCode': 'MPL', 'at': '2022-10-16T14:05:00'}, 'carrierCode': 'AF', 'number': '7680', 'aircraft': {'code': '321'}, 'operating': {'carrierCode': 'AF'}, 'duration': 'PT1H20M', 'id': '64', 'numberOfStops': 0, 'blacklistedInEU': False}]}]","{'currency': 'EUR', 'total': '124.19', 'base': '62.00', 'fees': [{'amount': '0.00', 'type': 'SUPPLIER'}, {'amount': '0.00', 'type': 'TICKETING'}], 'grandTotal': '124.19', 'additionalServices': [{'amount': '30.00', 'type': 'CHECKED_BAGS'}]}","{'fareType': ['PUBLISHED'], 'includedCheckedBagsOnly': False}",['AF'],"[{'travelerId': '1', 'fareOption': 'STANDARD', 'travelerType': 'ADULT', 'price': {'currency': 'EUR', 'total': '124.19', 'base': '62.00'}, 'fareDetailsBySegment': [{'segmentId': '63', 'cabin': 'ECONOMY', 'fareBasis': 'RS50MALG', 'brandedFare': 'LIGHT', 'class': 'R', 'includedCheckedBags': {'quantity': 0}}, {'segmentId': '64', 'cabin': 'ECONOMY', 'fareBasis': 'XS50MALG', 'brandedFare': 'LIGHT', 'class': 'X', 'includedCheckedBags': {'quantity': 0}}]}]"
20,flight-offer,21,GDS,False,False,False,2022-10-15,9,"[{'duration': 'PT3H40M', 'segments': [{'departure': {'iataCode': 'NCE', 'terminal': '2', 'at': '2022-10-15T10:25:00'}, 'arrival': {'iataCode': 'CDG', 'terminal': '2F', 'at': '2022-10-15T12:00:00'}, 'carrierCode': 'AF', 'number': '7713', 'aircraft': {'code': '320'}, 'operating': {'carrierCode': 'AF'}, 'duration': 'PT1H35M', 'id': '37', 'numberOfStops': 0, 'blacklistedInEU': False}, {'departure': {'iataCode': 'CDG', 'terminal': '2F', 'at': '2022-10-15T12:45:00'}, 'arrival': {'iataCode': 'MPL', 'at': '2022-10-15T14:05:00'}, 'carrierCode': 'AF', 'number': '7680', 'aircraft': {'code': '321'}, 'operating': {'carrierCode': 'AF'}, 'duration': 'PT1H20M', 'id': '38', 'numberOfStops': 0, 'blacklistedInEU': False}]}]","{'currency': 'EUR', 'total': '223.86', 'base': '163.00', 'fees': [{'amount': '0.00', 'type': 'SUPPLIER'}, {'amount': '0.00', 'type': 'TICKETING'}], 'grandTotal': '223.86', 'additionalServices': [{'amount': '30.00', 'type': 'CHECKED_BAGS'}]}","{'fareType': ['PUBLISHED'], 'includedCheckedBagsOnly': False}",['AF'],"[{'travelerId': '1', 'fareOption': 'STANDARD', 'travelerType': 'ADULT', 'price': {'currency': 'EUR', 'total': '223.86', 'base': '163.00'}, 'fareDetailsBySegment': [{'segmentId': '37', 'cabin': 'ECONOMY', 'fareBasis': 'FS50BALG', 'brandedFare': 'LIGHT', 'class': 'F', 'includedCheckedBags': {'quantity': 0}}, {'segmentId': '38', 'cabin': 'ECONOMY', 'fareBasis': 'FS50BALG', 'brandedFare': 'LIGHT', 'class': 'F', 'includedCheckedBags': {'quantity': 0}}]}]"
21,flight-offer,22,GDS,False,False,False,2022-10-15,9,"[{'duration': 'PT4H', 'segments': [{'departure': {'iataCode': 'NCE', 'terminal': '2', 'at': '2022-10-15T06:00:00'}, 'arrival': {'iataCode': 'CDG', 'terminal': '2F', 'at': '2022-10-15T07:30:00'}, 'carrierCode': 'AF', 'number': '7711', 'aircraft': {'code': '320'}, 'operating': {'carrierCode': 'AF'}, 'duration': 'PT1H30M', 'id': '1', 'numberOfStops': 0, 'blacklistedInEU': False}, {'departure': {'iataCode': 'CDG', 'terminal': '2F', 'at': '2022-10-15T08:40:00'}, 'arrival': {'iataCode': 'MPL', 'at': '2022-10-15T10:00:00'}, 'carrierCode': 'AF', 'number': '7688', 'aircraft': {'code': '223'}, 'operating': {'carrierCode': 'AF'}, 'duration': 'PT1H20M', 'id': '2', 'numberOfStops': 0, 'blacklistedInEU': False}]}]","{'currency': 'EUR', 'total': '223.86', 'base': '163.00', 'fees': [{'amount': '0.00', 'type': 'SUPPLIER'}, {'amount': '0.00', 'type': 'TICKETING'}], 'grandTotal': '223.86', 'additionalServices': [{'amount': '30.00', 'type': 'CHECKED_BAGS'}]}","{'fareType': ['PUBLISHED'], 'includedCheckedBagsOnly': False}",['AF'],"[{'travelerId': '1', 'fareOption': 'STANDARD', 'travelerType': 'ADULT', 'price': {'currency': 'EUR', 'total': '223.86', 'base': '163.00'}, 'fareDetailsBySegment': [{'segmentId': '1', 'cabin': 'ECONOMY', 'fareBasis': 'FS50BALG', 'brandedFare': 'LIGHT', 'class': 'F', 'includedCheckedBags': {'quantity': 0}}, {'segmentId': '2', 'cabin': 'ECONOMY', 'fareBasis': 'FS50BALG', 'brandedFare': 'LIGHT', 'class': 'F', 'includedCheckedBags': {'quantity': 0}}]}]"
22,flight-offer,23,GDS,False,False,False,2022-10-15,9,"[{'duration': 'PT7H40M', 'segments': [{'departure': {'iataCode': 'NCE', 'terminal': '2', 'at': '2022-10-15T06:25:00'}, 'arrival': {'iataCode': 'CDG', 'terminal': '2F', 'at': '2022-10-15T08:00:00'}, 'carrierCode': 'AF', 'number': '9471', 'aircraft': {'code': '320'}, 'operating': {'carrierCode': 'AF'}, 'duration': 'PT1H35M', 'id': '39', 'numberOfStops': 0, 'blacklistedInEU': False}, {'departure': {'iataCode': 'CDG', 'terminal': '2F', 'at': '2022-10-15T12:45:00'}, 'arrival': {'iataCode': 'MPL', 'at': '2022-10-15T14:05:00'}, 'carrierCode': 'AF', 'number': '7680', 'aircraft': {'code': '321'}, 'operating': {'carrierCode': 'AF'}, 'duration': 'PT1H20M', 'id': '40', 'numberOfStops': 0, 'blacklistedInEU': False}]}]","{'currency': 'EUR', 'total': '223.86', 'base': '163.00', 'fees': [{'amount': '0.00', 'type': 'SUPPLIER'}, {'amount': '0.00', 'type': 'TICKETING'}], 'grandTotal': '223.86', 'additionalServices': [{'amount': '30.00', 'type': 'CHECKED_BAGS'}]}","{'fareType': ['PUBLISHED'], 'includedCheckedBagsOnly': False}",['AF'],"[{'travelerId': '1', 'fareOption': 'STANDARD', 'travelerType': 'ADULT', 'price': {'currency': 'EUR', 'total': '223.86', 'base': '163.00'}, 'fareDetailsBySegment': [{'segmentId': '39', 'cabin': 'ECONOMY', 'fareBasis': 'FS50BALG', 'brandedFare': 'LIGHT', 'class': 'F', 'includedCheckedBags': {'quantity': 0}}, {'segmentId': '40', 'cabin': 'ECONOMY', 'fareBasis': 'FS50BALG', 'brandedFare': 'LIGHT', 'class': 'F', 'includedCheckedBags': {'quantity': 0}}]}]"
23,flight-offer,24,GDS,False,False,False,2022-10-15,9,"[{'duration': 'PT8H5M', 'segments': [{'departure': {'iataCode': 'NCE', 'terminal': '2', 'at': '2022-10-15T06:00:00'}, 'arrival': {'iataCode': 'CDG', 'terminal': '2F', 'at': '2022-10-15T07:30:00'}, 'carrierCode': 'AF', 'number': '7711', 'aircraft': {'code': '320'}, 'operating': {'carrierCode': 'AF'}, 'duration': 'PT1H30M', 'id': '5', 'numberOfStops': 0, 'blacklistedInEU': False}, {'departure': {'iataCode': 'CDG', 'terminal': '2F', 'at': '2022-10-15T12:45:00'}, 'arrival': {'iataCode': 'MPL', 'at': '2022-10-15T14:05:00'}, 'carrierCode': 'AF', 'number': '7680', 'aircraft': {'code': '321'}, 'operating': {'carrierCode': 'AF'}, 'duration': 'PT1H20M', 'id': '6', 'numberOfStops': 0, 'blacklistedInEU': False}]}]","{'currency': 'EUR', 'total': '223.86', 'base': '163.00', 'fees': [{'amount': '0.00', 'type': 'SUPPLIER'}, {'amount': '0.00', 'type': 'TICKETING'}], 'grandTotal': '223.86', 'additionalServices': [{'amount': '30.00', 'type': 'CHECKED_BAGS'}]}","{'fareType': ['PUBLISHED'], 'includedCheckedBagsOnly': False}",['AF'],"[{'travelerId': '1', 'fareOption': 'STANDARD', 'travelerType': 'ADULT', 'price': {'currency': 'EUR', 'total': '223.86', 'base': '163.00'}, 'fareDetailsBySegment': [{'segmentId': '5', 'cabin': 'ECONOMY', 'fareBasis': 'FS50BALG', 'brandedFare': 'LIGHT', 'class': 'F', 'includedCheckedBags': {'quantity': 0}}, {'segmentId': '6', 'cabin': 'ECONOMY', 'fareBasis': 'FS50BALG', 'brandedFare': 'LIGHT', 'class': 'F', 'includedCheckedBags': {'quantity': 0}}]}]"
24,flight-offer,25,GDS,False,False,False,2022-10-15,9,"[{'duration': 'PT3H50M', 'segments': [{'departure': {'iataCode': 'NCE', 'terminal': '2', 'at': '2022-10-15T18:30:00'}, 'arrival': {'iataCode': 'CDG', 'terminal': '2F', 'at': '2022-10-15T20:00:00'}, 'carrierCode': 'AF', 'number': '7709', 'aircraft': {'code': '321'}, 'operating': {'carrierCode': 'AF'}, 'duration': 'PT1H30M', 'id': '47', 'numberOfStops': 0, 'blacklistedInEU': False}, {'departure': {'iataCode': 'CDG', 'terminal': '2F', 'at': '2022-10-15T21:00:00'}, 'arrival': {'iataCode': 'MPL', 'at': '2022-10-15T22:20:00'}, 'carrierCode': 'AF', 'number': '7684', 'aircraft': {'code': '321'}, 'operating': {'carrierCode': 'AF'}, 'duration': 'PT1H20M', 'id': '48', 'numberOfStops': 0, 'blacklistedInEU': False}]}]","{'currency': 'EUR', 'total': '241.86', 'base': '181.00', 'fees': [{'amount': '0.00', 'type': 'SUPPLIER'}, {'amount': '0.00', 'type': 'TICKETING'}], 'grandTotal': '241.86', 'additionalServices': [{'amount': '30.00', 'type': 'CHECKED_BAGS'}]}","{'fareType': ['PUBLISHED'], 'includedCheckedBagsOnly': False}",['AF'],"[{'travelerId': '1', 'fareOption': 'STANDARD', 'travelerType': 'ADULT', 'price': {'currency': 'EUR', 'total': '241.86', 'base': '181.00'}, 'fareDetailsBySegment': [{'segmentId': '47', 'cabin': 'ECONOMY', 'fareBasis': 'HS50BALG', 'brandedFare': 'LIGHT', 'class': 'H', 'includedCheckedBags': {'quantity': 0}}, {'segmentId': '48', 'cabin': 'ECONOMY', 'fareBasis': 'HS50BALG', 'brandedFare': 'LIGHT', 'class': 'H', 'includedCheckedBags': {'quantity': 0}}]}]"
25,flight-offer,26,GDS,False,False,False,2022-10-15,9,"[{'duration': 'PT6H10M', 'segments': [{'departure': {'iataCode': 'NCE', 'terminal': '2', 'at': '2022-10-15T16:10:00'}, 'arrival': {'iataCode': 'CDG', 'terminal': '2F', 'at': '2022-10-15T17:40:00'}, 'carrierCode': 'AF', 'number': '7707', 'aircraft': {'code': '319'}, 'operating': {'carrierCode': 'AF'}, 'duration': 'PT1H30M', 'id': '9', 'numberOfStops': 0, 'blacklistedInEU': False}, {'departure': {'iataCode': 'CDG', 'terminal': '2F', 'at': '2022-10-15T21:00:00'}, 'arrival': {'iataCode': 'MPL', 'at': '2022-10-15T22:20:00'}, 'carrierCode': 'AF', 'number': '7684', 'aircraft': {'code': '321'}, 'operating': {'carrierCode': 'AF'}, 'duration': 'PT1H20M', 'id': '10', 'numberOfStops': 0, 'blacklistedInEU': False}]}]","{'currency': 'EUR', 'total': '241.86', 'base': '181.00', 'fees': [{'amount': '0.00', 'type': 'SUPPLIER'}, {'amount': '0.00', 'type': 'TICKETING'}], 'grandTotal': '241.86', 'additionalServices': [{'amount': '30.00', 'type': 'CHECKED_BAGS'}]}","{'fareType': ['PUBLISHED'], 'includedCheckedBagsOnly': False}",['AF'],"[{'travelerId': '1', 'fareOption': 'STANDARD', 'travelerType': 'ADULT', 'price': {'currency': 'EUR', 'total': '241.86', 'base': '181.00'}, 'fareDetailsBySegment': [{'segmentId': '9', 'cabin': 'ECONOMY', 'fareBasis': 'HS50BALG', 'brandedFare': 'LIGHT', 'class': 'H', 'includedCheckedBags': {'quantity': 0}}, {'segmentId': '10', 'cabin': 'ECONOMY', 'fareBasis': 'HS50BALG', 'brandedFare': 'LIGHT', 'class': 'H', 'includedCheckedBags': {'quantity': 0}}]}]"
26,flight-offer,27,GDS,False,False,False,2022-10-15,9,"[{'duration': 'PT6H35M', 'segments': [{'departure': {'iataCode': 'NCE', 'terminal': '2', 'at': '2022-10-15T11:45:00'}, 'arrival': {'iataCode': 'CDG', 'terminal': '2F', 'at': '2022-10-15T13:20:00'}, 'carrierCode': 'AF', 'number': '7703', 'aircraft': {'code': '321'}, 'operating': {'carrierCode': 'AF'}, 'duration': 'PT1H35M', 'id': '31', 'numberOfStops': 0, 'blacklistedInEU': False}, {'departure': {'iataCode': 'CDG', 'terminal': '2F', 'at': '2022-10-15T17:00:00'}, 'arrival': {'iataCode': 'MPL', 'at': '2022-10-15T18:20:00'}, 'carrierCode': 'AF', 'number': '7686', 'aircraft': {'code': '321'}, 'operating': {'carrierCode': 'AF'}, 'duration': 'PT1H20M', 'id': '32', 'numberOfStops': 0, 'blacklistedInEU': False}]}]","{'currency': 'EUR', 'total': '241.86', 'base': '181.00', 'fees': [{'amount': '0.00', 'type': 'SUPPLIER'}, {'amount': '0.00', 'type': 'TICKETING'}], 'grandTotal': '241.86', 'additionalServices': [{'amount': '30.00', 'type': 'CHECKED_BAGS'}]}","{'fareType': ['PUBLISHED'], 'includedCheckedBagsOnly': False}",['AF'],"[{'travelerId': '1', 'fareOption': 'STANDARD', 'travelerType': 'ADULT', 'price': {'currency': 'EUR', 'total': '241.86', 'base': '181.00'}, 'fareDetailsBySegment': [{'segmentId': '31', 'cabin': 'ECONOMY', 'fareBasis': 'HS50BALG', 'brandedFare': 'LIGHT', 'class': 'H', 'includedCheckedBags': {'quantity': 0}}, {'segmentId': '32', 'cabin': 'ECONOMY', 'fareBasis': 'HS50BALG', 'brandedFare': 'LIGHT', 'class': 'H', 'includedCheckedBags': {'quantity': 0}}]}]"
27,flight-offer,28,GDS,False,False,False,2022-10-15,9,"[{'duration': 'PT7H10M', 'segments': [{'departure': {'iataCode': 'NCE', 'terminal': '2', 'at': '2022-10-15T11:10:00'}, 'arrival': {'iataCode': 'CDG', 'terminal': '2F', 'at': '2022-10-15T12:40:00'}, 'carrierCode': 'AF', 'number': '7701', 'aircraft': {'code': '321'}, 'operating': {'carrierCode': 'AF'}, 'duration': 'PT1H30M', 'id': '11', 'numberOfStops': 0, 'blacklistedInEU': False}, {'departure': {'iataCode': 'CDG', 'terminal': '2F', 'at': '2022-10-15T17:00:00'}, 'arrival': {'iataCode': 'MPL', 'at': '2022-10-15T18:20:00'}, 'carrierCode': 'AF', 'number': '7686', 'aircraft': {'code': '321'}, 'operating': {'carrierCode': 'AF'}, 'duration': 'PT1H20M', 'id': '12', 'numberOfStops': 0, 'blacklistedInEU': False}]}]","{'currency': 'EUR', 'total': '241.86', 'base': '181.00', 'fees': [{'amount': '0.00', 'type': 'SUPPLIER'}, {'amount': '0.00', 'type': 'TICKETING'}], 'grandTotal': '241.86', 'additionalServices': [{'amount': '30.00', 'type': 'CHECKED_BAGS'}]}","{'fareType': ['PUBLISHED'], 'includedCheckedBagsOnly': False}",['AF'],"[{'travelerId': '1', 'fareOption': 'STANDARD', 'travelerType': 'ADULT', 'price': {'currency': 'EUR', 'total': '241.86', 'base': '181.00'}, 'fareDetailsBySegment': [{'segmentId': '11', 'cabin': 'ECONOMY', 'fareBasis': 'HS50BALG', 'brandedFare': 'LIGHT', 'class': 'H', 'includedCheckedBags': {'quantity': 0}}, {'segmentId': '12', 'cabin': 'ECONOMY', 'fareBasis': 'HS50BALG', 'brandedFare': 'LIGHT', 'class': 'H', 'includedCheckedBags': {'quantity': 0}}]}]"
28,flight-offer,29,GDS,False,False,False,2022-10-15,9,"[{'duration': 'PT7H20M', 'segments': [{'departure': {'iataCode': 'NCE', 'terminal': '2', 'at': '2022-10-15T15:00:00'}, 'arrival': {'iataCode': 'ORY', 'terminal': '2', 'at': '2022-10-15T16:30:00'}, 'carrierCode': 'AF', 'number': '6223', 'aircraft': {'code': '320'}, 'operating': {'carrierCode': 'AF'}, 'duration': 'PT1H30M', 'id': '21', 'numberOfStops': 0, 'blacklistedInEU': False}, {'departure': {'iataCode': 'CDG', 'terminal': '2F', 'at': '2022-10-15T21:00:00'}, 'arrival': {'iataCode': 'MPL', 'at': '2022-10-15T22:20:00'}, 'carrierCode': 'AF', 'number': '7684', 'aircraft': {'code': '321'}, 'operating': {'carrierCode': 'AF'}, 'duration': 'PT1H20M', 'id': '22', 'numberOfStops': 0, 'blacklistedInEU': False}]}]","{'currency': 'EUR', 'total': '241.86', 'base': '181.00', 'fees': [{'amount': '0.00', 'type': 'SUPPLIER'}, {'amount': '0.00', 'type': 'TICKETING'}], 'grandTotal': '241.86', 'additionalServices': [{'amount': '30.00', 'type': 'CHECKED_BAGS'}]}","{'fareType': ['PUBLISHED'], 'includedCheckedBagsOnly': False}",['AF'],"[{'travelerId': '1', 'fareOption': 'STANDARD', 'travelerType': 'ADULT', 'price': {'currency': 'EUR', 'total': '241.86', 'base': '181.00'}, 'fareDetailsBySegment': [{'segmentId': '21', 'cabin': 'ECONOMY', 'fareBasis': 'HS50BALG', 'brandedFare': 'LIGHT', 'class': 'H', 'includedCheckedBags': {'quantity': 0}}, {'segmentId': '22', 'cabin': 'ECONOMY', 'fareBasis': 'HS50BALG', 'brandedFare': 'LIGHT', 'class': 'H', 'includedCheckedBags': {'quantity': 0}}]}]"
29,flight-offer,30,GDS,False,False,False,2022-10-15,9,"[{'duration': 'PT7H50M', 'segments': [{'departure': {'iataCode': 'NCE', 'terminal': '2', 'at': '2022-10-15T10:30:00'}, 'arrival': {'iataCode': 'ORY', 'terminal': '2', 'at': '2022-10-15T12:00:00'}, 'carrierCode': 'AF', 'number': '6209', 'aircraft': {'code': '320'}, 'operating': {'carrierCode': 'AF'}, 'duration': 'PT1H30M', 'id': '49', 'numberOfStops': 0, 'blacklistedInEU': False}, {'departure': {'iataCode': 'CDG', 'terminal': '2F', 'at': '2022-10-15T17:00:00'}, 'arrival': {'iataCode': 'MPL', 'at': '2022-10-15T18:20:00'}, 'carrierCode': 'AF', 'number': '7686', 'aircraft': {'code': '321'}, 'operating': {'carrierCode': 'AF'}, 'duration': 'PT1H20M', 'id': '50', 'numberOfStops': 0, 'blacklistedInEU': False}]}]","{'currency': 'EUR', 'total': '241.86', 'base': '181.00', 'fees': [{'amount': '0.00', 'type': 'SUPPLIER'}, {'amount': '0.00', 'type': 'TICKETING'}], 'grandTotal': '241.86', 'additionalServices': [{'amount': '30.00', 'type': 'CHECKED_BAGS'}]}","{'fareType': ['PUBLISHED'], 'includedCheckedBagsOnly': False}",['AF'],"[{'travelerId': '1', 'fareOption': 'STANDARD', 'travelerType': 'ADULT', 'price': {'currency': 'EUR', 'total': '241.86', 'base': '181.00'}, 'fareDetailsBySegment': [{'segmentId': '49', 'cabin': 'ECONOMY', 'fareBasis': 'HS50BALG', 'brandedFare': 'LIGHT', 'class': 'H', 'includedCheckedBags': {'quantity': 0}}, {'segmentId': '50', 'cabin': 'ECONOMY', 'fareBasis': 'HS50BALG', 'brandedFare': 'LIGHT', 'class': 'H', 'includedCheckedBags': {'quantity': 0}}]}]"
30,flight-offer,31,GDS,False,False,False,2022-10-15,9,"[{'duration': 'PT7H50M', 'segments': [{'departure': {'iataCode': 'NCE', 'terminal': '2', 'at': '2022-10-15T14:30:00'}, 'arrival': {'iataCode': 'ORY', 'terminal': '2', 'at': '2022-10-15T16:00:00'}, 'carrierCode': 'AF', 'number': '6221', 'aircraft': {'code': '321'}, 'operating': {'carrierCode': 'AF'}, 'duration': 'PT1H30M', 'id': '51', 'numberOfStops': 0, 'blacklistedInEU': False}, {'departure': {'iataCode': 'CDG', 'terminal': '2F', 'at': '2022-10-15T21:00:00'}, 'arrival': {'iataCode': 'MPL', 'at': '2022-10-15T22:20:00'}, 'carrierCode': 'AF', 'number': '7684', 'aircraft': {'code': '321'}, 'operating': {'carrierCode': 'AF'}, 'duration': 'PT1H20M', 'id': '52', 'numberOfStops': 0, 'blacklistedInEU': False}]}]","{'currency': 'EUR', 'total': '241.86', 'base': '181.00', 'fees': [{'amount': '0.00', 'type': 'SUPPLIER'}, {'amount': '0.00', 'type': 'TICKETING'}], 'grandTotal': '241.86', 'additionalServices': [{'amount': '30.00', 'type': 'CHECKED_BAGS'}]}","{'fareType': ['PUBLISHED'], 'includedCheckedBagsOnly': False}",['AF'],"[{'travelerId': '1', 'fareOption': 'STANDARD', 'travelerType': 'ADULT', 'price': {'currency': 'EUR', 'total': '241.86', 'base': '181.00'}, 'fareDetailsBySegment': [{'segmentId': '51', 'cabin': 'ECONOMY', 'fareBasis': 'HS50BALG', 'brandedFare': 'LIGHT', 'class': 'H', 'includedCheckedBags': {'quantity': 0}}, {'segmentId': '52', 'cabin': 'ECONOMY', 'fareBasis': 'HS50BALG', 'brandedFare': 'LIGHT', 'class': 'H', 'includedCheckedBags': {'quantity': 0}}]}]"
31,flight-offer,32,GDS,False,False,False,2022-10-15,9,"[{'duration': 'PT7H55M', 'segments': [{'departure': {'iataCode': 'NCE', 'terminal': '2', 'at': '2022-10-15T10:25:00'}, 'arrival': {'iataCode': 'CDG', 'terminal': '2F', 'at': '2022-10-15T12:00:00'}, 'carrierCode': 'AF', 'number': '7713', 'aircraft': {'code': '320'}, 'operating': {'carrierCode': 'AF'}, 'duration': 'PT1H35M', 'id': '61', 'numberOfStops': 0, 'blacklistedInEU': False}, {'departure': {'iataCode': 'CDG', 'terminal': '2F', 'at': '2022-10-15T17:00:00'}, 'arrival': {'iataCode': 'MPL', 'at': '2022-10-15T18:20:00'}, 'carrierCode': 'AF', 'number': '7686', 'aircraft': {'code': '321'}, 'operating': {'carrierCode': 'AF'}, 'duration': 'PT1H20M', 'id': '62', 'numberOfStops': 0, 'blacklistedInEU': False}]}]","{'currency': 'EUR', 'total': '241.86', 'base': '181.00', 'fees': [{'amount': '0.00', 'type': 'SUPPLIER'}, {'amount': '0.00', 'type': 'TICKETING'}], 'grandTotal': '241.86', 'additionalServices': [{'amount': '30.00', 'type': 'CHECKED_BAGS'}]}","{'fareType': ['PUBLISHED'], 'includedCheckedBagsOnly': False}",['AF'],"[{'travelerId': '1', 'fareOption': 'STANDARD', 'travelerType': 'ADULT', 'price': {'currency': 'EUR', 'total': '241.86', 'base': '181.00'}, 'fareDetailsBySegment': [{'segmentId': '61', 'cabin': 'ECONOMY', 'fareBasis': 'HS50BALG', 'brandedFare': 'LIGHT', 'class': 'H', 'includedCheckedBags': {'quantity': 0}}, {'segmentId': '62', 'cabin': 'ECONOMY', 'fareBasis': 'HS50BALG', 'brandedFare': 'LIGHT', 'class': 'H', 'includedCheckedBags': {'quantity': 0}}]}]"
